item_id,zh_name,en_name,category,in_game,wiki_title,wiki_path,icon_url,local_path,source,license,distributable,resolve_method
grass,草方块,Grass Block,block,True,草方块,https://zh.minecraft.wiki/w/%E8%8D%89%E6%96%B9%E5%9D%97,https://zh.minecraft.wiki/images/Grass_Block_JE7_BE6.png?d27c1,cache/restricted/grass.png,https://zh.minecraft.wiki/,restricted-mojang-via-wiki,False,file:Grass_Block.png
dirt,泥土,Dirt,block,True,泥土,https://zh.minecraft.wiki/w/%E6%B3%A5%E5%9C%9F,https://zh.minecraft.wiki/images/Dirt_JE2_BE2.png?a4b3d,cache/restricted/dirt.png,https://zh.minecraft.wiki/,restricted-mojang-via-wiki,False,file:Dirt.png
stone,石头,Stone,block,True,石头,https://zh.minecraft.wiki/w/%E7%9F%B3%E5%A4%B4,https://zh.minecraft.wiki/images/Stone_JE5_BE3.png?33434,cache/restricted/stone.png,https://zh.minecraft.wiki/,restricted-mojang-via-wiki,False,file:Stone.png
wood,原木,Oak Log,block,True,原木,https://zh.minecraft.wiki/w/%E5%8E%9F%E6%9C%A8,https://zh.minecraft.wiki/images/Oak_Log_Axis_Y_JE5_BE3.png?da15a,cache/restricted/wood.png,https://zh.minecraft.wiki/,restricted-mojang-via-wiki,False,file:Oak_Log.png
planks,木板,Oak Planks,block,True,木板,https://zh.minecraft.wiki/w/%E6%9C%A8%E6%9D%BF,https://zh.minecraft.wiki/images/Oak_Planks_JE9_BE3.png?2a459,cache/restricted/planks.png,https://zh.minecraft.wiki/,restricted-mojang-via-wiki,False,file:Oak_Planks.png
leaves,树叶,Oak Leaves,block,True,树叶,https://zh.minecraft.wiki/w/%E6%A0%91%E5%8F%B6,https://zh.minecraft.wiki/images/Oak_Leaves_JE4.png?77e67,cache/restricted/leaves.png,https://zh.minecraft.wiki/,restricted-mojang-via-wiki,False,file:Oak_Leaves.png
sand,沙子,Sand,block,True,沙子,https://zh.minecraft.wiki/w/%E6%B2%99%E5%AD%90,https://zh.minecraft.wiki/images/Sand_JE5_BE3.png?97c2c,cache/restricted/sand.png,https://zh.minecraft.wiki/,restricted-mojang-via-wiki,False,file:Sand.png
water,水,Water,block,True,水,https://zh.minecraft.wiki/w/%E6%B0%B4,https://zh.minecraft.wiki/images/Water_JE16.png?6cccc,cache/restricted/water.png,https://zh.minecraft.wiki/,restricted-mojang-via-wiki,False,file:Water.png
bricks,石砖,Stone Bricks,block,True,石砖,https://zh.minecraft.wiki/w/%E7%9F%B3%E7%A0%96,https://zh.minecraft.wiki/images/Stone_Bricks_JE3_BE2.png?e3b13,cache/restricted/bricks.png,https://zh.minecraft.wiki/,restricted-mojang-via-wiki,False,file:Stone_Bricks.png
glass,玻璃,Glass,block,True,玻璃,https://zh.minecraft.wiki/w/%E7%8E%BB%E7%92%83,https://zh.minecraft.wiki/images/Glass_JE4_BE4.png?ead50,cache/restricted/glass.png,https://zh.minecraft.wiki/,restricted-mojang-via-wiki,False,file:Glass.png
coal_ore,煤矿石,Coal Ore,ore,True,煤矿石,https://zh.minecraft.wiki/w/%E7%85%A4%E7%9F%BF%E7%9F%B3,https://zh.minecraft.wiki/images/Coal_Ore_JE5_BE4.png?a343c,cache/restricted/coal_ore.png,https://zh.minecraft.wiki/,restricted-mojang-via-wiki,False,file:Coal_Ore.png
copper_ore,铜矿石,Copper Ore,ore,True,铜矿石,https://zh.minecraft.wiki/w/%E9%93%9C%E7%9F%BF%E7%9F%B3,https://zh.minecraft.wiki/images/Copper_Ore_JE2_BE2.png?b6ae0,cache/restricted/copper_ore.png,https://zh.minecraft.wiki/,restricted-mojang-via-wiki,False,file:Copper_Ore.png
iron_ore,铁矿石,Iron Ore,ore,True,铁矿石,https://zh.minecraft.wiki/w/%E9%93%81%E7%9F%BF%E7%9F%B3,https://zh.minecraft.wiki/images/Iron_Ore_JE6_BE4.png?92763,cache/restricted/iron_ore.png,https://zh.minecraft.wiki/,restricted-mojang-via-wiki,False,file:Iron_Ore.png
gold_ore,金矿石,Gold Ore,ore,True,金矿石,https://zh.minecraft.wiki/w/%E9%87%91%E7%9F%BF%E7%9F%B3,https://zh.minecraft.wiki/images/Gold_Ore_JE7_BE4.png?dd555,cache/restricted/gold_ore.png,https://zh.minecraft.wiki/,restricted-mojang-via-wiki,False,file:Gold_Ore.png
diamond_ore,钻石矿石,Diamond Ore,ore,True,钻石矿石,https://zh.minecraft.wiki/w/%E9%92%BB%E7%9F%B3%E7%9F%BF%E7%9F%B3,https://zh.minecraft.wiki/images/Diamond_Ore_JE5_BE5.png?73a76,cache/restricted/diamond_ore.png,https://zh.minecraft.wiki/,restricted-mojang-via-wiki,False,file:Diamond_Ore.png
lapis_ore,青金石矿,Lapis Lazuli Ore,ore,True,青金石矿石,https://zh.minecraft.wiki/w/%E9%9D%92%E9%87%91%E7%9F%B3%E7%9F%BF%E7%9F%B3,https://zh.minecraft.wiki/images/Lapis_Lazuli_Ore_JE4_BE4.png?d85b6,cache/restricted/lapis_ore.png,https://zh.minecraft.wiki/,restricted-mojang-via-wiki,False,file:Lapis_Lazuli_Ore.png
redstone_ore,红石矿,Redstone Ore,ore,True,红石矿石,https://zh.minecraft.wiki/w/%E7%BA%A2%E7%9F%B3%E7%9F%BF%E7%9F%B3,https://zh.minecraft.wiki/images/Redstone_Ore_JE4_BE3.png?d2049,cache/restricted/redstone_ore.png,https://zh.minecraft.wiki/,restricted-mojang-via-wiki,False,file:Redstone_Ore.png
obsidian,黑曜石,Obsidian,block,True,黑曜石,https://zh.minecraft.wiki/w/%E9%BB%91%E6%9B%9C%E7%9F%B3,https://zh.minecraft.wiki/images/Obsidian_JE3_BE2.png?31e17,cache/restricted/obsidian.png,https://zh.minecraft.wiki/,restricted-mojang-via-wiki,False,file:Obsidian.png
crafting_table,工作台,Crafting Table,utility,True,工作台,https://zh.minecraft.wiki/w/%E5%B7%A5%E4%BD%9C%E5%8F%B0,https://zh.minecraft.wiki/images/Crafting_Table_JE4_BE3.png?738c8,cache/restricted/crafting_table.png,https://zh.minecraft.wiki/,restricted-mojang-via-wiki,False,file:Crafting_Table.png
furnace,熔炉,Furnace,utility,True,熔炉,https://zh.minecraft.wiki/w/%E7%86%94%E7%82%89,https://zh.minecraft.wiki/images/Furnace_%28S%29_JE8.png?fa497,cache/restricted/furnace.png,https://zh.minecraft.wiki/,restricted-mojang-via-wiki,False,file:Furnace.png
enchanting_table,附魔台,Enchanting Table,utility,True,附魔台,https://zh.minecraft.wiki/w/%E9%99%84%E9%AD%94%E5%8F%B0,https://zh.minecraft.wiki/images/Enchanting_Table_JE4_BE2.png?32e81,cache/restricted/enchanting_table.png,https://zh.minecraft.wiki/,restricted-mojang-via-wiki,False,file:Enchanting_Table.png
bookshelf,书架,Bookshelf,block,True,书架,https://zh.minecraft.wiki/w/%E4%B9%A6%E6%9E%B6,https://zh.minecraft.wiki/images/Bookshelf_JE4_BE2.png?21f85,cache/restricted/bookshelf.png,https://zh.minecraft.wiki/,restricted-mojang-via-wiki,False,file:Bookshelf.png
brewing_stand,酿造台,Brewing Stand,utility,True,酿造台,https://zh.minecraft.wiki/w/%E9%85%BF%E9%80%A0%E5%8F%B0,https://zh.minecraft.wiki/images/Brewing_Stand_JE4_BE3.png?2a6e0,cache/restricted/brewing_stand.png,https://zh.minecraft.wiki/,restricted-mojang-via-wiki,False,file:Brewing_Stand.png
torch,火把,Torch,utility,True,火把,https://zh.minecraft.wiki/w/%E7%81%AB%E6%8A%8A,https://zh.minecraft.wiki/images/Torch_JE4_BE2.png?b6520,cache/restricted/torch.png,https://zh.minecraft.wiki/,restricted-mojang-via-wiki,False,file:Torch.png
wool,羊毛,White Wool,block,True,羊毛,https://zh.minecraft.wiki/w/%E7%BE%8A%E6%AF%9B,https://zh.minecraft.wiki/images/White_Wool_JE2_BE2.png?281c1,cache/restricted/wool.png,https://zh.minecraft.wiki/,restricted-mojang-via-wiki,False,file:White_Wool.png
bed,床,Red Bed,utility,True,床,https://zh.minecraft.wiki/w/%E5%BA%8A,https://zh.minecraft.wiki/images/Red_Bed_%28N%29_JE4.png?553e8,cache/restricted/bed.png,https://zh.minecraft.wiki/,restricted-mojang-via-wiki,False,file:Red_Bed.png
redstone_dust,红石粉,Redstone Dust,item,True,红石粉,https://zh.minecraft.wiki/w/%E7%BA%A2%E7%9F%B3%E7%B2%89,https://zh.minecraft.wiki/images/Redstone_Dust_JE2_BE2.png?030c0,cache/restricted/redstone_dust.png,https://zh.minecraft.wiki/,restricted-mojang-via-wiki,False,file:Redstone_Dust.png
lever,拉杆,Lever,utility,True,拉杆,https://zh.minecraft.wiki/w/%E6%8B%89%E6%9D%86,https://zh.minecraft.wiki/images/Lever_JE3_BE2.png?5d96e,cache/restricted/lever.png,https://zh.minecraft.wiki/,restricted-mojang-via-wiki,False,file:Lever.png
redstone_torch,红石火把,Redstone Torch,utility,True,红石火把,https://zh.minecraft.wiki/w/%E7%BA%A2%E7%9F%B3%E7%81%AB%E6%8A%8A,https://zh.minecraft.wiki/images/Redstone_Torch_JE5.png?86adf,cache/restricted/redstone_torch.png,https://zh.minecraft.wiki/,restricted-mojang-via-wiki,False,file:Redstone_Torch.png
redstone_lamp,红石灯,Redstone Lamp,block,True,红石灯,https://zh.minecraft.wiki/w/%E7%BA%A2%E7%9F%B3%E7%81%AF,https://zh.minecraft.wiki/images/Redstone_Lamp_JE3_BE2.png?41a41,cache/restricted/redstone_lamp.png,https://zh.minecraft.wiki/,restricted-mojang-via-wiki,False,file:Redstone_Lamp.png
stick,木棍,Stick,item,True,木棍,https://zh.minecraft.wiki/w/%E6%9C%A8%E6%A3%8D,https://zh.minecraft.wiki/images/Stick_JE1_BE1.png?2ab19,cache/restricted/stick.png,https://zh.minecraft.wiki/,restricted-mojang-via-wiki,False,file:Stick.png
coal,煤炭,Coal,item,True,煤炭,https://zh.minecraft.wiki/w/%E7%85%A4%E7%82%AD,https://zh.minecraft.wiki/images/Coal_JE3_BE2.png?b473d,cache/restricted/coal.png,https://zh.minecraft.wiki/,restricted-mojang-via-wiki,False,file:Coal.png
charcoal,木炭,Charcoal,item,True,木炭,https://zh.minecraft.wiki/w/%E6%9C%A8%E7%82%AD,https://zh.minecraft.wiki/images/Charcoal_JE3_BE3.png?a0b32,cache/restricted/charcoal.png,https://zh.minecraft.wiki/,restricted-mojang-via-wiki,False,file:Charcoal.png
iron_ingot,铁锭,Iron Ingot,item,True,铁锭,https://zh.minecraft.wiki/w/%E9%93%81%E9%94%AD,https://zh.minecraft.wiki/images/Iron_Ingot_JE3_BE2.png?a0c64,cache/restricted/iron_ingot.png,https://zh.minecraft.wiki/,restricted-mojang-via-wiki,False,file:Iron_Ingot.png
gold_ingot,金锭,Gold Ingot,item,True,金锭,https://zh.minecraft.wiki/w/%E9%87%91%E9%94%AD,https://zh.minecraft.wiki/images/Gold_Ingot_JE4_BE2.png?bd10b,cache/restricted/gold_ingot.png,https://zh.minecraft.wiki/,restricted-mojang-via-wiki,False,file:Gold_Ingot.png
copper_ingot,铜锭,Copper Ingot,item,True,铜锭,https://zh.minecraft.wiki/w/%E9%93%9C%E9%94%AD,https://zh.minecraft.wiki/images/Copper_Ingot_JE2_BE1.png?1772e,cache/restricted/copper_ingot.png,https://zh.minecraft.wiki/,restricted-mojang-via-wiki,False,file:Copper_Ingot.png
diamond,钻石,Diamond,item,True,钻石,https://zh.minecraft.wiki/w/%E9%92%BB%E7%9F%B3,https://zh.minecraft.wiki/images/Diamond_JE2_BE2.png?36a4d,cache/restricted/diamond.png,https://zh.minecraft.wiki/,restricted-mojang-via-wiki,False,file:Diamond.png
wooden_pickaxe,木镐,Wooden Pickaxe,tool,True,镐,https://zh.minecraft.wiki/w/%E9%95%90,https://zh.minecraft.wiki/images/Wooden_Pickaxe_JE3_BE3.png?82b30,cache/restricted/wooden_pickaxe.png,https://zh.minecraft.wiki/,restricted-mojang-via-wiki,False,file:Wooden_Pickaxe.png
stone_pickaxe,石镐,Stone Pickaxe,tool,True,镐,https://zh.minecraft.wiki/w/%E9%95%90,https://zh.minecraft.wiki/images/Stone_Pickaxe_JE2_BE2.png?47567,cache/restricted/stone_pickaxe.png,https://zh.minecraft.wiki/,restricted-mojang-via-wiki,False,file:Stone_Pickaxe.png
iron_pickaxe,铁镐,Iron Pickaxe,tool,True,镐,https://zh.minecraft.wiki/w/%E9%95%90,https://zh.minecraft.wiki/images/Iron_Pickaxe_JE3_BE2.png?49cf2,cache/restricted/iron_pickaxe.png,https://zh.minecraft.wiki/,restricted-mojang-via-wiki,False,file:Iron_Pickaxe.png
gold_pickaxe,金镐,Golden Pickaxe,tool,True,镐,https://zh.minecraft.wiki/w/%E9%95%90,https://zh.minecraft.wiki/images/Golden_Pickaxe_JE4_BE3.png?79864,cache/restricted/gold_pickaxe.png,https://zh.minecraft.wiki/,restricted-mojang-via-wiki,False,file:Golden_Pickaxe.png
diamond_pickaxe,钻石镐,Diamond Pickaxe,tool,True,镐,https://zh.minecraft.wiki/w/%E9%95%90,https://zh.minecraft.wiki/images/Diamond_Pickaxe_JE3_BE3.png?40f8b,cache/restricted/diamond_pickaxe.png,https://zh.minecraft.wiki/,restricted-mojang-via-wiki,False,file:Diamond_Pickaxe.png
wooden_axe,木斧,Wooden Axe,tool,True,斧,https://zh.minecraft.wiki/w/%E6%96%A7,https://zh.minecraft.wiki/images/Wooden_Axe_JE2_BE2.png?5e2c6,cache/restricted/wooden_axe.png,https://zh.minecraft.wiki/,restricted-mojang-via-wiki,False,file:Wooden_Axe.png
stone_axe,石斧,Stone Axe,tool,True,斧,https://zh.minecraft.wiki/w/%E6%96%A7,https://zh.minecraft.wiki/images/Stone_Axe_JE2_BE2.png?9c7ef,cache/restricted/stone_axe.png,https://zh.minecraft.wiki/,restricted-mojang-via-wiki,False,file:Stone_Axe.png
iron_axe,铁斧,Iron Axe,tool,True,斧,https://zh.minecraft.wiki/w/%E6%96%A7,https://zh.minecraft.wiki/images/Iron_Axe_JE5_BE2.png?8eaa4,cache/restricted/iron_axe.png,https://zh.minecraft.wiki/,restricted-mojang-via-wiki,False,file:Iron_Axe.png
gold_axe,金斧,Golden Axe,tool,True,斧,https://zh.minecraft.wiki/w/%E6%96%A7,https://zh.minecraft.wiki/images/Golden_Axe_JE3_BE2.png?ed1c7,cache/restricted/gold_axe.png,https://zh.minecraft.wiki/,restricted-mojang-via-wiki,False,file:Golden_Axe.png
diamond_axe,钻石斧,Diamond Axe,tool,True,斧,https://zh.minecraft.wiki/w/%E6%96%A7,https://zh.minecraft.wiki/images/Diamond_Axe_JE3_BE3.png?a746d,cache/restricted/diamond_axe.png,https://zh.minecraft.wiki/,restricted-mojang-via-wiki,False,file:Diamond_Axe.png
wooden_shovel,木铲,Wooden Shovel,tool,True,铲,https://zh.minecraft.wiki/w/%E9%93%B2,https://zh.minecraft.wiki/images/Wooden_Shovel_JE2_BE2.png?a78a2,cache/restricted/wooden_shovel.png,https://zh.minecraft.wiki/,restricted-mojang-via-wiki,False,file:Wooden_Shovel.png
stone_shovel,石铲,Stone Shovel,tool,True,铲,https://zh.minecraft.wiki/w/%E9%93%B2,https://zh.minecraft.wiki/images/Stone_Shovel_JE2_BE2.png?716b9,cache/restricted/stone_shovel.png,https://zh.minecraft.wiki/,restricted-mojang-via-wiki,False,file:Stone_Shovel.png
iron_shovel,铁铲,Iron Shovel,tool,True,铲,https://zh.minecraft.wiki/w/%E9%93%B2,https://zh.minecraft.wiki/images/Iron_Shovel_JE3_BE2.png?fadf7,cache/restricted/iron_shovel.png,https://zh.minecraft.wiki/,restricted-mojang-via-wiki,False,file:Iron_Shovel.png
gold_shovel,金铲,Golden Shovel,tool,True,铲,https://zh.minecraft.wiki/w/%E9%93%B2,https://zh.minecraft.wiki/images/Golden_Shovel_JE3_BE2.png?e3b17,cache/restricted/gold_shovel.png,https://zh.minecraft.wiki/,restricted-mojang-via-wiki,False,file:Golden_Shovel.png
diamond_shovel,钻石铲,Diamond Shovel,tool,True,铲,https://zh.minecraft.wiki/w/%E9%93%B2,https://zh.minecraft.wiki/images/Diamond_Shovel_JE3_BE3.png?18d39,cache/restricted/diamond_shovel.png,https://zh.minecraft.wiki/,restricted-mojang-via-wiki,False,file:Diamond_Shovel.png
wooden_sword,木剑,Wooden Sword,tool,True,剑,https://zh.minecraft.wiki/w/%E5%89%91,https://zh.minecraft.wiki/images/Wooden_Sword_JE2_BE2.png?b526d,cache/restricted/wooden_sword.png,https://zh.minecraft.wiki/,restricted-mojang-via-wiki,False,file:Wooden_Sword.png
stone_sword,石剑,Stone Sword,tool,True,剑,https://zh.minecraft.wiki/w/%E5%89%91,https://zh.minecraft.wiki/images/Stone_Sword_JE2_BE2.png?0287a,cache/restricted/stone_sword.png,https://zh.minecraft.wiki/,restricted-mojang-via-wiki,False,file:Stone_Sword.png
iron_sword,铁剑,Iron Sword,tool,True,剑,https://zh.minecraft.wiki/w/%E5%89%91,https://zh.minecraft.wiki/images/Iron_Sword_JE2_BE2.png?6a66b,cache/restricted/iron_sword.png,https://zh.minecraft.wiki/,restricted-mojang-via-wiki,False,file:Iron_Sword.png
gold_sword,金剑,Golden Sword,tool,True,剑,https://zh.minecraft.wiki/w/%E5%89%91,https://zh.minecraft.wiki/images/Golden_Sword_JE3_BE2.png?0fcc4,cache/restricted/gold_sword.png,https://zh.minecraft.wiki/,restricted-mojang-via-wiki,False,file:Golden_Sword.png
diamond_sword,钻石剑,Diamond Sword,tool,True,剑,https://zh.minecraft.wiki/w/%E5%89%91,https://zh.minecraft.wiki/images/Diamond_Sword_JE3_BE3.png?7b46e,cache/restricted/diamond_sword.png,https://zh.minecraft.wiki/,restricted-mojang-via-wiki,False,file:Diamond_Sword.png
wooden_hoe,木锄,Wooden Hoe,tool,True,锄,https://zh.minecraft.wiki/w/%E9%94%84,https://zh.minecraft.wiki/images/Wooden_Hoe_JE3_BE3.png?fce53,cache/restricted/wooden_hoe.png,https://zh.minecraft.wiki/,restricted-mojang-via-wiki,False,file:Wooden_Hoe.png
stone_hoe,石锄,Stone Hoe,tool,True,锄,https://zh.minecraft.wiki/w/%E9%94%84,https://zh.minecraft.wiki/images/Stone_Hoe_JE3_BE2.png?964d1,cache/restricted/stone_hoe.png,https://zh.minecraft.wiki/,restricted-mojang-via-wiki,False,file:Stone_Hoe.png
iron_hoe,铁锄,Iron Hoe,tool,True,锄,https://zh.minecraft.wiki/w/%E9%94%84,https://zh.minecraft.wiki/images/Iron_Hoe_JE2_BE2.png?20976,cache/restricted/iron_hoe.png,https://zh.minecraft.wiki/,restricted-mojang-via-wiki,False,file:Iron_Hoe.png
gold_hoe,金锄,Golden Hoe,tool,True,锄,https://zh.minecraft.wiki/w/%E9%94%84,https://zh.minecraft.wiki/images/Golden_Hoe_JE3_BE3.png?73fb2,cache/restricted/gold_hoe.png,https://zh.minecraft.wiki/,restricted-mojang-via-wiki,False,file:Golden_Hoe.png
diamond_hoe,钻石锄,Diamond Hoe,tool,True,锄,https://zh.minecraft.wiki/w/%E9%94%84,https://zh.minecraft.wiki/images/Diamond_Hoe_JE3_BE3.png?ed241,cache/restricted/diamond_hoe.png,https://zh.minecraft.wiki/,restricted-mojang-via-wiki,False,file:Diamond_Hoe.png
wheat,小麦,Wheat,food,True,小麦,https://zh.minecraft.wiki/w/%E5%B0%8F%E9%BA%A6,https://zh.minecraft.wiki/images/Wheat_JE2_BE2.png?0eb25,cache/restricted/wheat.png,https://zh.minecraft.wiki/,restricted-mojang-via-wiki,False,file:Wheat.png
apple,苹果,Apple,food,True,苹果,https://zh.minecraft.wiki/w/%E8%8B%B9%E6%9E%9C,https://zh.minecraft.wiki/images/Apple_JE3_BE3.png?cc008,cache/restricted/apple.png,https://zh.minecraft.wiki/,restricted-mojang-via-wiki,False,file:Apple.png
bread,面包,Bread,food,True,面包,https://zh.minecraft.wiki/w/%E9%9D%A2%E5%8C%85,https://zh.minecraft.wiki/images/Bread_JE3_BE3.png?f220b,cache/restricted/bread.png,https://zh.minecraft.wiki/,restricted-mojang-via-wiki,False,file:Bread.png
raw_beef,生牛肉,Raw Beef,food,True,生牛肉,https://zh.minecraft.wiki/w/%E7%94%9F%E7%89%9B%E8%82%89,https://zh.minecraft.wiki/images/Raw_Beef_JE3_BE3.png?55e2e,cache/restricted/raw_beef.png,https://zh.minecraft.wiki/,restricted-mojang-via-wiki,False,file:Raw_Beef.png
cooked_beef,熟牛排,Steak,food,True,牛排,https://zh.minecraft.wiki/w/%E7%89%9B%E6%8E%92,https://zh.minecraft.wiki/images/Steak_JE3_BE3.png?0d524,cache/restricted/cooked_beef.png,https://zh.minecraft.wiki/,restricted-mojang-via-wiki,False,file:Steak.png
leather,皮革,Leather,item,True,皮革,https://zh.minecraft.wiki/w/%E7%9A%AE%E9%9D%A9,https://zh.minecraft.wiki/images/Leather_JE2_BE2.png?f5373,cache/restricted/leather.png,https://zh.minecraft.wiki/,restricted-mojang-via-wiki,False,file:Leather.png
leather_helmet,皮革头盔,Leather Cap,armor,True,盔甲,https://zh.minecraft.wiki/w/%E7%9B%94%E7%94%B2,https://zh.minecraft.wiki/images/Leather_Cap_JE4_BE2.png?478b4,cache/restricted/leather_helmet.png,https://zh.minecraft.wiki/,restricted-mojang-via-wiki,False,file:Leather_Cap.png
leather_chestplate,皮革胸甲,Leather Tunic,armor,True,盔甲,https://zh.minecraft.wiki/w/%E7%9B%94%E7%94%B2,https://zh.minecraft.wiki/images/Leather_Tunic_JE4_BE2.png?e16aa,cache/restricted/leather_chestplate.png,https://zh.minecraft.wiki/,restricted-mojang-via-wiki,False,file:Leather_Tunic.png
leather_leggings,皮革护腿,Leather Pants,armor,True,盔甲,https://zh.minecraft.wiki/w/%E7%9B%94%E7%94%B2,https://zh.minecraft.wiki/images/Leather_Pants_JE4_BE2.png?bd496,cache/restricted/leather_leggings.png,https://zh.minecraft.wiki/,restricted-mojang-via-wiki,False,file:Leather_Pants.png
leather_boots,皮革靴子,Leather Boots,armor,True,盔甲,https://zh.minecraft.wiki/w/%E7%9B%94%E7%94%B2,https://zh.minecraft.wiki/images/Leather_Boots_JE3_BE2.png?be9db,cache/restricted/leather_boots.png,https://zh.minecraft.wiki/,restricted-mojang-via-wiki,False,file:Leather_Boots.png
iron_helmet,铁头盔,Iron Helmet,armor,True,盔甲,https://zh.minecraft.wiki/w/%E7%9B%94%E7%94%B2,https://zh.minecraft.wiki/images/Iron_Helmet_JE2_BE2.png?bfba3,cache/restricted/iron_helmet.png,https://zh.minecraft.wiki/,restricted-mojang-via-wiki,False,file:Iron_Helmet.png
iron_chestplate,铁胸甲,Iron Chestplate,armor,True,盔甲,https://zh.minecraft.wiki/w/%E7%9B%94%E7%94%B2,https://zh.minecraft.wiki/images/Iron_Chestplate_JE2_BE2.png?61f89,cache/restricted/iron_chestplate.png,https://zh.minecraft.wiki/,restricted-mojang-via-wiki,False,file:Iron_Chestplate.png
iron_leggings,铁护腿,Iron Leggings,armor,True,盔甲,https://zh.minecraft.wiki/w/%E7%9B%94%E7%94%B2,https://zh.minecraft.wiki/images/Iron_Leggings_JE2_BE2.png?7dffe,cache/restricted/iron_leggings.png,https://zh.minecraft.wiki/,restricted-mojang-via-wiki,False,file:Iron_Leggings.png
iron_boots,铁靴子,Iron Boots,armor,True,盔甲,https://zh.minecraft.wiki/w/%E7%9B%94%E7%94%B2,https://zh.minecraft.wiki/images/Iron_Boots_JE2_BE2.png?01f59,cache/restricted/iron_boots.png,https://zh.minecraft.wiki/,restricted-mojang-via-wiki,False,file:Iron_Boots.png
lapis_lazuli,青金石,Lapis Lazuli,item,True,青金石,https://zh.minecraft.wiki/w/%E9%9D%92%E9%87%91%E7%9F%B3,https://zh.minecraft.wiki/images/Lapis_Lazuli_JE2_BE2.png?d36c7,cache/restricted/lapis_lazuli.png,https://zh.minecraft.wiki/,restricted-mojang-via-wiki,False,file:Lapis_Lazuli.png
sugar_cane,甘蔗,Sugar Cane,item,True,甘蔗,https://zh.minecraft.wiki/w/%E7%94%98%E8%94%97,https://zh.minecraft.wiki/images/Sugar_Cane_JE2_BE2.png?2d23b,cache/restricted/sugar_cane.png,https://zh.minecraft.wiki/,restricted-mojang-via-wiki,False,file:Sugar_Cane.png
paper,纸,Paper,item,True,纸,https://zh.minecraft.wiki/w/%E7%BA%B8,https://zh.minecraft.wiki/images/Paper_JE2_BE2.png?88891,cache/restricted/paper.png,https://zh.minecraft.wiki/,restricted-mojang-via-wiki,False,file:Paper.png
book,书,Book,item,True,书,https://zh.minecraft.wiki/w/%E4%B9%A6,https://zh.minecraft.wiki/images/Book_JE2_BE2.png?8310b,cache/restricted/book.png,https://zh.minecraft.wiki/,restricted-mojang-via-wiki,False,file:Book.png
blaze_rod,烈焰棒,Blaze Rod,item,True,烈焰棒,https://zh.minecraft.wiki/w/%E7%83%88%E7%84%B0%E6%A3%92,https://zh.minecraft.wiki/images/Blaze_Rod_JE1_BE1.png?d06fc,cache/restricted/blaze_rod.png,https://zh.minecraft.wiki/,restricted-mojang-via-wiki,False,file:Blaze_Rod.png
blaze_powder,烈焰粉,Blaze Powder,item,True,烈焰粉,https://zh.minecraft.wiki/w/%E7%83%88%E7%84%B0%E7%B2%89,https://zh.minecraft.wiki/images/Blaze_Powder_JE2_BE1.png?a5171,cache/restricted/blaze_powder.png,https://zh.minecraft.wiki/,restricted-mojang-via-wiki,False,file:Blaze_Powder.png
nether_wart,下界疣,Nether Wart,item,True,下界疣,https://zh.minecraft.wiki/w/%E4%B8%8B%E7%95%8C%E7%96%A3,https://zh.minecraft.wiki/images/Nether_Wart_Age_3_JE6_BE2.png?2ee0b,cache/restricted/nether_wart.png,https://zh.minecraft.wiki/,restricted-mojang-via-wiki,False,file:Nether_Wart.png
sugar,糖,Sugar,item,True,糖,https://zh.minecraft.wiki/w/%E7%B3%96,https://zh.minecraft.wiki/images/Sugar_JE2_BE2.png?e8770,cache/restricted/sugar.png,https://zh.minecraft.wiki/,restricted-mojang-via-wiki,False,file:Sugar.png
spider_eye,蜘蛛眼,Spider Eye,item,True,蜘蛛眼,https://zh.minecraft.wiki/w/%E8%9C%98%E8%9B%9B%E7%9C%BC,https://zh.minecraft.wiki/images/Spider_Eye_JE2_BE2.png?45798,cache/restricted/spider_eye.png,https://zh.minecraft.wiki/,restricted-mojang-via-wiki,False,file:Spider_Eye.png
glistering_melon,闪烁的西瓜,Glistering Melon Slice,item,True,闪烁的西瓜片,https://zh.minecraft.wiki/w/%E9%97%AA%E7%83%81%E7%9A%84%E8%A5%BF%E7%93%9C%E7%89%87,https://zh.minecraft.wiki/images/Glistering_Melon_Slice_JE2_BE2.png?42c6e,cache/restricted/glistering_melon.png,https://zh.minecraft.wiki/,restricted-mojang-via-wiki,False,file:Glistering_Melon_Slice.png
glass_bottle,玻璃瓶,Glass Bottle,item,True,玻璃瓶,https://zh.minecraft.wiki/w/%E7%8E%BB%E7%92%83%E7%93%B6,https://zh.minecraft.wiki/images/Glass_Bottle_JE2_BE2.png?03581,cache/restricted/glass_bottle.png,https://zh.minecraft.wiki/,restricted-mojang-via-wiki,False,file:Glass_Bottle.png
water_bottle,水瓶,Water Bottle,potion,True,水瓶,https://zh.minecraft.wiki/w/%E6%B0%B4%E7%93%B6,https://zh.minecraft.wiki/images/Water_Bottle_JE2_BE3.png?63599,cache/restricted/water_bottle.png,https://zh.minecraft.wiki/,restricted-mojang-via-wiki,False,file:Water_Bottle.png
awkward_potion,粗制药水,Awkward Potion,potion,True,粗制的药水,https://zh.minecraft.wiki/w/%E7%B2%97%E5%88%B6%E7%9A%84%E8%8D%AF%E6%B0%B4,https://zh.minecraft.wiki/images/Invicon_Awkward_Potion.png?46cb6,cache/restricted/awkward_potion.png,https://zh.minecraft.wiki/,restricted-mojang-via-wiki,False,file:Invicon_Awkward_Potion.png
potion_healing,治疗药水,Potion of Healing,potion,True,治疗药水,https://zh.minecraft.wiki/w/%E6%B2%BB%E7%96%97%E8%8D%AF%E6%B0%B4,https://zh.minecraft.wiki/images/Potion_of_Healing_JE2_BE3.png?75039,cache/restricted/potion_healing.png,https://zh.minecraft.wiki/,restricted-mojang-via-wiki,False,file:Potion_of_Healing.png
potion_swiftness,迅捷药水,Potion of Swiftness,potion,True,迅捷药水,https://zh.minecraft.wiki/w/%E8%BF%85%E6%8D%B7%E8%8D%AF%E6%B0%B4,https://zh.minecraft.wiki/images/Potion_of_Swiftness_JE3_BE3.png?f79ff,cache/restricted/potion_swiftness.png,https://zh.minecraft.wiki/,restricted-mojang-via-wiki,False,file:Potion_of_Swiftness.png
potion_poison,剧毒药水,Potion of Poison,potion,True,剧毒药水,https://zh.minecraft.wiki/w/%E5%89%A7%E6%AF%92%E8%8D%AF%E6%B0%B4,https://zh.minecraft.wiki/images/Potion_of_Poison_JE3_BE3.png?b914a,cache/restricted/potion_poison.png,https://zh.minecraft.wiki/,restricted-mojang-via-wiki,False,file:Potion_of_Poison.png
cobblestone,圆石,Cobblestone,block,False,圆石,https://zh.minecraft.wiki/w/%E5%9C%86%E7%9F%B3,https://zh.minecraft.wiki/images/Cobblestone_JE7_BE3.png?a83c5,cache/restricted/cobblestone.png,https://zh.minecraft.wiki/,restricted-mojang-via-wiki,False,file:Cobblestone.png
gravel,沙砾,Gravel,block,False,沙砾,https://zh.minecraft.wiki/w/%E6%B2%99%E7%A0%BE,https://zh.minecraft.wiki/images/Gravel_JE5_BE4.png?a6d50,cache/restricted/gravel.png,https://zh.minecraft.wiki/,restricted-mojang-via-wiki,False,file:Gravel.png
clay,黏土块,Clay,block,False,黏土块,https://zh.minecraft.wiki/w/%E9%BB%8F%E5%9C%9F%E5%9D%97,https://zh.minecraft.wiki/images/Clay_JE2_BE2.png?7f8a4,cache/restricted/clay.png,https://zh.minecraft.wiki/,restricted-mojang-via-wiki,False,file:Clay.png
ice,冰,Ice,block,False,冰,https://zh.minecraft.wiki/w/%E5%86%B0,https://zh.minecraft.wiki/images/Ice_JE6_BE6.png?0339d,cache/restricted/ice.png,https://zh.minecraft.wiki/,restricted-mojang-via-wiki,False,file:Ice.png
snow_block,雪块,Snow Block,block,False,雪块,https://zh.minecraft.wiki/w/%E9%9B%AA%E5%9D%97,https://zh.minecraft.wiki/images/Snow_Block_JE2_BE2.png?a2537,cache/restricted/snow_block.png,https://zh.minecraft.wiki/,restricted-mojang-via-wiki,False,file:Snow_Block.png
bedrock,基岩,Bedrock,block,False,基岩,https://zh.minecraft.wiki/w/%E5%9F%BA%E5%B2%A9,https://zh.minecraft.wiki/images/Bedrock_JE2_BE2.png?13f82,cache/restricted/bedrock.png,https://zh.minecraft.wiki/,restricted-mojang-via-wiki,False,file:Bedrock.png
lava,熔岩,Lava,block,False,熔岩,https://zh.minecraft.wiki/w/%E7%86%94%E5%B2%A9,https://zh.minecraft.wiki/images/Lava_JE19.png?1c56f,cache/restricted/lava.png,https://zh.minecraft.wiki/,restricted-mojang-via-wiki,False,file:Lava.png
netherrack,下界岩,Netherrack,block,False,下界岩,https://zh.minecraft.wiki/w/%E4%B8%8B%E7%95%8C%E5%B2%A9,https://zh.minecraft.wiki/images/Netherrack_JE4_BE2.png?e5f97,cache/restricted/netherrack.png,https://zh.minecraft.wiki/,restricted-mojang-via-wiki,False,file:Netherrack.png
glowstone,荧石,Glowstone,block,False,荧石,https://zh.minecraft.wiki/w/%E8%8D%A7%E7%9F%B3,https://zh.minecraft.wiki/images/Glowstone_JE4.png?cb615,cache/restricted/glowstone.png,https://zh.minecraft.wiki/,restricted-mojang-via-wiki,False,file:Glowstone.png
nether_portal,下界传送门,Nether Portal,block,False,下界传送门,https://zh.minecraft.wiki/w/%E4%B8%8B%E7%95%8C%E4%BC%A0%E9%80%81%E9%97%A8,https://zh.minecraft.wiki/images/Nether_Portal_JE.gif?409dd,cache/restricted/nether_portal.gif,https://zh.minecraft.wiki/,restricted-mojang-via-wiki,False,file:Nether_Portal_JE.gif
end_stone,末地石,End Stone,block,False,末地石,https://zh.minecraft.wiki/w/%E6%9C%AB%E5%9C%B0%E7%9F%B3,https://zh.minecraft.wiki/images/End_Stone_JE3_BE2.png?5449b,cache/restricted/end_stone.png,https://zh.minecraft.wiki/,restricted-mojang-via-wiki,False,file:End_Stone.png
chorus_fruit,紫颂果,Chorus Fruit,food,False,紫颂果,https://zh.minecraft.wiki/w/%E7%B4%AB%E9%A2%82%E6%9E%9C,https://zh.minecraft.wiki/images/Chorus_Fruit_JE2_BE2.png?46d4f,cache/restricted/chorus_fruit.png,https://zh.minecraft.wiki/,restricted-mojang-via-wiki,False,file:Chorus_Fruit.png
ender_pearl,末影珍珠,Ender Pearl,item,False,末影珍珠,https://zh.minecraft.wiki/w/%E6%9C%AB%E5%BD%B1%E7%8F%8D%E7%8F%A0,https://zh.minecraft.wiki/images/Ender_Pearl_JE2_BE2.png?7d893,cache/restricted/ender_pearl.png,https://zh.minecraft.wiki/,restricted-mojang-via-wiki,False,file:Ender_Pearl.png
bucket,桶,Bucket,item,False,桶,https://zh.minecraft.wiki/w/%E6%A1%B6,https://zh.minecraft.wiki/images/Bucket_JE2_BE2.png?68540,cache/restricted/bucket.png,https://zh.minecraft.wiki/,restricted-mojang-via-wiki,False,file:Bucket.png
chest,箱子,Chest,utility,False,箱子,https://zh.minecraft.wiki/w/%E7%AE%B1%E5%AD%90,https://zh.minecraft.wiki/images/Chest_%28S%29_JE2_BE3.png?f32b6,cache/restricted/chest.png,https://zh.minecraft.wiki/,restricted-mojang-via-wiki,False,file:Chest.png
